habitat,year_t0,pair,losses,gains,D,Change
cumbres,1982,1980's-2008,0.32446264073694986,0.11054247697031731,0.4350051177072672,-  
cumbres,1982,1980's-2018,0.19999999999999998,0.04854368932038835,0.24854368932038834,-  
enebral,1984,1980's-2008,0.19378357636224097,0.1841903300076746,0.37797390636991557,-  
enebral,1984,1980's-2018,0.3431303942150688,0.11569862374620947,0.4588290179612783,-  
robledal,1981,1980's-2008,0.603352739005401,0.04860770147997476,0.6519604404853757,-  
robledal,1981,1980's-2018,0.5265353269588655,0.10408778797407431,0.6306231149329398,-  
