habitat,year_t0,pair,losses,gains,D,Change
cumbres,1982,1980's-2008,0.3871866295264624,0.10027855153203344,0.48746518105849584,-  
cumbres,1982,1980's-2018,0.27079646017699116,0.04424778761061947,0.3150442477876106,-  
enebral,1984,1980's-2008,0.22300295857988167,0.17751479289940827,0.40051775147929,-  
enebral,1984,1980's-2018,0.3718492081195628,0.11064019629712246,0.48248940441668525,-  
robledal,1981,1980's-2008,0.603352739005401,0.04860770147997476,0.6519604404853757,-  
robledal,1981,1980's-2018,0.5265353269588655,0.10408778797407431,0.6306231149329398,-  
