yearF,habitat,abtotalavg,sd,se
1983,cumbres,5.93,NA,NA
1983,enebral,27.78,2.0788939366884507,1.4700000000000006
1983,robledal,110.83,NA,NA
2009,cumbres,3.16,0.9545941546018389,0.6749999999999998
2009,enebral,24,2.5526554800834362,1.8049999999999997
2009,robledal,24.27,10.557104243115154,7.464999999999999
2018,cumbres,4.42,0.0707106781186545,0.04999999999999982
2018,enebral,16.56,0.007071067811866581,0.005000000000000782
2018,robledal,26.64,25.964961005170025,18.36
